image,cluster,nearest_cosine_similarity
cju0qkwl35piu0993l0dewei2.jpg,-1,0.8373026251792908
cju0qoxqj9q6s0835b43399p4.jpg,-1,0.8005701303482056
cju0qx73cjw570799j4n5cjze.jpg,-1,0.8891255855560303
cju0roawvklrq0799vmjorwfv.jpg,-1,0.8475126624107361
cju0rx1idathl0835detmsp84.jpg,-1,0.8680152893066406
cju0s2a9ekvms080138tjjpxr.jpg,-1,0.839938223361969
cju0s690hkp960855tjuaqvv0.jpg,-1,0.8502601981163025
cju0sr5ghl0nd08789uzf1raf.jpg,-1,0.7885985374450684
cju0sxqiclckk08551ycbwhno.jpg,-1,0.8289981484413147
cju0t4oil7vzk099370nun5h9.jpg,-1,0.8928256630897522
cju0tl3uz8blh0993wxvn7ly3.jpg,-1,0.8218464255332947
cju0u2g7pmnux0801vkk47ivj.jpg,-1,0.8391246199607849
cju0u82z3cuma0835wlxrnrjv.jpg,-1,0.7765342593193054
cju0ue769mxii08019zqgdbxn.jpg,-1,0.830342173576355
cju0vtox5ain6099360pu62rp.jpg,-1,0.8057758212089539
cju13cgqmnhwn0988yrainhcp.jpg,-1,0.8890370726585388
cju13fwthn9mq0835gacxgy01.jpg,-1,0.8031877875328064
cju13hp5rnbjx0835bf0jowgx.jpg,-1,0.8894437551498413
cju14g8o4xui30878gkgbrvqj.jpg,-1,0.8349555134773254
cju14hjh2ob2o0835ouz3r5aa.jpg,-1,0.8740386962890625
cju14pxbaoksp0835qzorx6g6.jpg,-1,0.8476939797401428
cju15czxqp3lv0835jvhgzurz.jpg,-1,0.871115505695343
cju15jr8jz8sb0855ukmkswkz.jpg,-1,0.7989307045936584
cju15l5ubz9yh0855b3ivdpse.jpg,-1,0.8547658920288086
cju15mhjczc8z0801kit5c6di.jpg,-1,0.8695664405822754
cju15ptjtppz40988odsm9azx.jpg,-1,0.7798590660095215
cju15wdt3zla10801odjiw7sy.jpg,-1,0.8747286796569824
cju160wshltz10993i1gmqxbe.jpg,-1,0.8527917861938477
cju16ach3m1da0993r1dq3sn2.jpg,-1,0.821265459060669
cju16b6ynq8e40988m8vx0xnj.jpg,-1,0.8131699562072754
cju16d65tzw9d0799ouslsw25.jpg,-1,0.8183921575546265
cju16fpvhzypl0799p9phnlx6.jpg,-1,0.8296666741371155
cju16jgnyzp970878melv7r25.jpg,-1,0.8153511881828308
cju16whaj0e7n0855q7b6cjkm.jpg,-1,0.8618438243865967
cju171py4qiha0835u8sl59ds.jpg,-1,0.8710914254188538
cju175facms5f0993a5tjikvt.jpg,-1,0.8297982215881348
cju17bz250pgd0799u1hqkj5u.jpg,-1,0.8386645913124084
cju17g6ykn1cs0993dww6qdi8.jpg,-1,0.752643883228302
cju17hw9hr9c5098800fu4u8e.jpg,-1,0.8514496684074402
cju17otoe119u0799nqcbl8n1.jpg,-1,0.8575612902641296
cju17r8il13910799dr2wme2e.jpg,-1,0.8706822395324707
cju17v6ih0u7808783zcbg1jy.jpg,-1,0.8788901567459106
cju17x0j4nfc10993y31pvlgs.jpg,-1,0.7925618290901184
cju17z0qongpa0993de4boim4.jpg,-1,0.7834164500236511
cju1819curo000988pd5xcqme.jpg,-1,0.8417802453041077
cju183od81ff608017ekzif89.jpg,-1,0.8380894660949707
cju1871y11d6r0799k6cw4yze.jpg,-1,0.871832013130188
cju18849rrsgr0988p90hkygb.jpg,-1,0.80320805311203
cju18gzrq18zw0878wbf4ftw6.jpg,-1,0.830757737159729
cju18ibp219ub08783i6o98g7.jpg,-1,0.8546295166015625
cju18kevfrojc0835bn90f1in.jpg,-1,0.826197624206543
cju1alwgo30z60855fm3y23sm.jpg,-1,0.8620533347129822
cju1amqw6p8pw0993d9gc5crl.jpg,-1,0.7688350677490234
cju1aqqv02qwz0878a5cyhr67.jpg,-1,0.8419476747512817
cju1ats0y372e08011yazcsxm.jpg,-1,0.8814964890480042
cju1b0y2e396p08558ois175d.jpg,-1,0.8080940246582031
cju1b3zgj3d8e0801kpolea6c.jpg,-1,0.8775579333305359
cju1b75x63ddl0799sdp0i2j3.jpg,-1,0.8738105297088623
cju1bhnfitmge0835ynls0l6b.jpg,-1,0.8322067856788635
cju1bm8063nmh07996rsjjemq.jpg,-1,0.861315131187439
cju1brhsj3rls0855a1vgdlen.jpg,-1,0.783657968044281
cju1c0qb4tzi308355wtsnp0y.jpg,-1,0.8736773729324341
cju1c3218411b08014g9f6gig.jpg,-1,0.8913928270339966
cju1c4fcu40hl07992b8gj0c8.jpg,-1,0.8622962832450867
cju1c6yfz42md08550zgoz3pw.jpg,-1,0.8134822845458984
cju1c8ffau5770835g0g343o8.jpg,-1,0.8057321310043335
cju1cbokpuiw70988j4lq1fpi.jpg,-1,0.8594604134559631
cju1cdxvz48hw0801i0fjwcnk.jpg,-1,0.9011082053184509
cju1cfhyg48bb0799cl5pr2jh.jpg,-1,0.8761394023895264
cju1cj3f0qi5n0993ut8f49rj.jpg,-1,0.8497405648231506
cju1cnnziug1l0835yh4ropyg.jpg,-1,0.8260552883148193
cju1cqc7n4gpy0855jt246k68.jpg,-1,0.8339289426803589
cju1csmlc4ht10799b8ymmghg.jpg,-1,0.8029541373252869
cju1cu1u2474n0878tt7v4tdr.jpg,-1,0.8527917861938477
cju1cvkfwqrec0993wbp1jlzm.jpg,-1,0.8516346216201782
cju1cyjb5qtie0993njqne9m3.jpg,-1,0.8231903314590454
cju1d31sp4d4k0878r3fr02ul.jpg,-1,0.8308016657829285
cju1d50a94qf50855wsowacrc.jpg,-1,0.8672164082527161
cju1d96gsv62d09881b3wecw2.jpg,-1,0.8502601981163025
cju1ddr6p4k5z08780uuuzit2.jpg,-1,0.6820813417434692
cju1dfeupuzlw0835gnxip369.jpg,-1,0.8499365448951721
cju1dg44i4z3w0801nyz4p6zf.jpg,-1,0.8363568782806396
cju1dhfok4mhe0878jlgrag0h.jpg,-1,0.8762331604957581
cju1dia8hvc6v098827mgffnm.jpg,-1,0.8636806011199951
cju1djtprvd7b0988thwwrg09.jpg,-1,0.8285986185073853
cju1dnz61vfp40988e78bkjga.jpg,-1,0.8367912769317627
cju1dq3x1vgx109889c7wyirg.jpg,-1,0.8227183222770691
cju1drnhbrb9409935wi7vkhg.jpg,-1,0.7624701857566833
cju1efbr0rqxz09931z0lf4vf.jpg,-1,0.8557134866714478
cju1egh885m1l0855ci1lt37c.jpg,-1,0.7249401807785034
cju1egx9pvz2n0988eoy8jp23.jpg,-1,0.778925895690918
cju1ejj7dvqfa0835ra184v5m.jpg,-1,0.8465686440467834
cju1erep75us208553i4ofwwe.jpg,-1,0.7723687291145325
cju1euant5l960878iqj5vvto.jpg,-1,0.8422275185585022
cju1euuc65wm00799m4sjdnnn.jpg,-1,0.8314584493637085
cju1ewnoh5z030855vpex9uzt.jpg,-1,0.8567786812782288
cju1expq45zst0855rjqwwj4m.jpg,-1,0.8101293444633484
cju1f15k3w4ct0835cmde6ypo.jpg,-1,0.7580881714820862
cju1f320ewfyu0988ndz6blh5.jpg,-1,0.7780449986457825
cju1f5x1164xv08555654c24r.jpg,-1,0.8669505715370178
cju1f79yhsb5w0993txub59ol.jpg,-1,0.8596009016036987
cju1f8w0t65en0799m9oacq0q.jpg,-1,0.8433495759963989
cju1fb9236a110801yvg0fwju.jpg,-1,0.8470880389213562
cju1ffnjn6ctm08015perkg37.jpg,-1,0.865493893623352
cju1fj6axwfp30835ukhuzhw9.jpg,-1,0.8086714744567871
cju1fjsb4sipq09931lvd8e41.jpg,-1,0.8263317942619324
cju1fm3id6gl50801r3fok20c.jpg,-1,0.8681142330169678
cju1fmsyf6gxb0801cimx2gle.jpg,-1,0.8415845632553101
cju1fr4etsmrr09933u4t4aql.jpg,-1,0.7331610321998596
cju1ftaji6isw0855108yqcse.jpg,-1,0.8729562759399414
cju1fuoa4wmc50835qfd11sp9.jpg,-1,0.8458483815193176
cju1fyb1d69et0878muzdak9u.jpg,-1,0.8364641666412354
cju1g20bdwq6u0835e16xugcd.jpg,-1,0.9070211052894592
cju1g4nsb6ngy0799l4ezm8ab.jpg,-1,0.8252277374267578
cju1gghyjwxt80835vx0wgxw0.jpg,-1,0.8495091795921326
cju1gi7jlwyld0835cdf6g6qz.jpg,-1,0.8505710363388062
cju1gkndf6yi10801o1qnje19.jpg,-1,0.838369607925415
cju1gv7106qd008784gk603mg.jpg,-1,0.8515130281448364
cju1h5w4wxajx0835mc954kxy.jpg,-1,0.8117630481719971
cju1h89h6xbnx08352k2790o9.jpg,-1,0.8037382960319519
cju1haab178i70799tk9z8y8x.jpg,-1,0.8562191128730774
cju1hhj6mxfp90835n3wofrap.jpg,-1,0.8706982731819153
cju1hirfi7ekp0855q0vgm9qq.jpg,-1,0.8359285593032837
cju1hmff8tkp809931jps6fbr.jpg,-1,0.9006280899047852
cju1hp9i2xu8e0988u2dazk7m.jpg,-1,0.8687011003494263
cju1hs0za7jha0855vj0mdrjt.jpg,-1,0.8074660897254944
cju1hyolc7aqu0878rrkfn1lr.jpg,-1,0.8078356981277466
cju2hdr06v2bq0799mbm3bks1.jpg,-1,0.8400607109069824
cju2hewssldzx0835ep795xu0.jpg,-1,0.8458427786827087
cju2hfqnmhisa0993gpleeldd.jpg,-1,0.8857262134552002
cju2hgsptlfam0835o3b59h1o.jpg,-1,0.8624072074890137
cju2hjrqcvi2j0801bx1i6gxg.jpg,-1,0.8859713077545166
cju2hlm19vjjf0801o69qnber.jpg,-1,0.8424562215805054
cju2hos57llxm08359g92p6jj.jpg,-1,0.8400370478630066
cju2hqt33lmra0988fr5ijv8j.jpg,-1,0.7563568949699402
cju2htabevq9108015qjei0x7.jpg,-1,0.8266646862030029
cju2hugv9vget0799hhk7ksvg.jpg,-1,0.8141495585441589
cju2hw5gjlr5h0988so2qqres.jpg,-1,0.844913125038147
cju2hx006vidl0799igm81vmh.jpg,-1,0.7999372482299805
cju2i03ptvkiu0799xbbd4det.jpg,-1,0.8452408313751221
cju2i3hzclw3o0988rrgh911i.jpg,-1,0.7900890111923218
cju2i6acqvo6l0799u20fift8.jpg,1,0.9223396182060242
cju2i8br1vqtd08784u6vmcjk.jpg,-1,0.828690230846405
cju2iatlki5u309930zmgkv6h.jpg,-1,0.8605281710624695
cju2igw4gvxds0878808qj398.jpg,-1,0.8120385408401489
cju2ij9uiic2l09933ljiv6gm.jpg,-1,0.8668137788772583
cju2lberzkdzm09938cl40pog.jpg,-1,0.8080731630325317
cju2lcyfgkf5809932fn9gucn.jpg,-1,0.9023295640945435
cju2lejzcy4pc0878c9rlonot.jpg,-1,0.8673346042633057
cju2lyynuymli0855g7fxgbhe.jpg,-1,0.8078451752662659
cju2lz8vqktne0993fuym6drw.jpg,-1,0.8350958824157715
cju2m56cryvqd0801gtn2yp8t.jpg,-1,0.7668692469596863
cju2m71z2ywwv080131bcrsd3.jpg,-1,0.8119611740112305
cju2ma647l0nj0993ot4deq2q.jpg,-1,0.8537916541099548
cju2mfjndoz700988b9lc3zeq.jpg,-1,0.8731067776679993
cju2mh8t6p07008350e01tx2a.jpg,-1,0.8084850907325745
cju2nbdpmlmcj0993s1cht0dz.jpg,-1,0.8441519141197205
cju2nd7l7z98o0799gfjvyfmw.jpg,-1,0.8312104940414429
cju2nfnvxzdkd0878399axlco.jpg,-1,0.8523417115211487
cju2nguelpmlj0835rojdn097.jpg,-1,0.8459929823875427
cju2nnqrqzp580855z8mhzgd6.jpg,-1,0.781245231628418
cju2np2k9zi3v079992ypxqkn.jpg,-1,0.8583421111106873
cju2nqapmzvk20801f9us40dx.jpg,-1,0.8824321031570435
cju2nsmwjlzyl0993jl80chvz.jpg,-1,0.87632155418396
cju2ntxtdzlvu0799xl3j9pan.jpg,-1,0.7774511575698853
cju2nyc5f02m40801ojqbtiea.jpg,-1,0.854472815990448
cju2oi8sq0i2y0801mektzvw8.jpg,-1,0.8417071104049683
cju2okvco06xc0799kxe5n1qh.jpg,-1,0.8678267002105713
cju2omjpeqj5a0988pjdlb8l1.jpg,-1,0.8032972812652588
cju2oo0wh0bqy0878biujeyhe.jpg,-1,0.7854322791099548
cju2oq5570avm079959o20op1.jpg,-1,0.8410008549690247
cju2osuru0ki00855txo0n3uu.jpg,-1,0.7988449335098267
cju2otvvv0l7z0855x7we8cb0.jpg,-1,0.8197242617607117
cju2ouil2mssu0993hvxsed6d.jpg,-1,0.8222066760063171
cju2p0eveqtdc0835gpi3p93i.jpg,-1,0.7712569236755371
cju2p4ddkmzxj0993p94o62av.jpg,-1,0.839249312877655
cju2p91qir00k08350ddfif0w.jpg,-1,0.7719476819038391
cju2pag1f0s4r0878h52uq83s.jpg,-1,0.8627832531929016
cju2phaksnahz0993yxogjcpv.jpg,-1,0.8741925954818726
cju2pjb9v0ywn0878j5g5n69j.jpg,-1,0.8214151859283447
cju2pkwt3r8b90988v2ywq1px.jpg,-1,0.8893226385116577
cju2pmhtr17a00855cvpelzb0.jpg,-1,0.8493683338165283
cju2qdj95ru8g09886gfi9rsz.jpg,-1,0.8753179311752319
cju2qfie4rvz508357kad9z5o.jpg,-1,0.8401593565940857
cju2qh5le1ock0878oahaql7d.jpg,-1,0.8660326600074768
cju2qn2fzs1vy0988l243cvzy.jpg,-1,0.802505612373352
cju2qozsk20cq0855ugrg3cri.jpg,-1,0.8750641942024231
cju2qqn5ys4uo0988ewrt2ip2.jpg,-1,0.8461674451828003
cju2qs32r1vys07999conmbvx.jpg,-1,0.8652523756027222
cju2qtee81yd708787bsjr75d.jpg,-1,0.7703002691268921
cju2qu37qobl50993aw7ghcfq.jpg,-1,0.8769701719284058
cju2qvuj1s9ok0835tp2k4ozh.jpg,-1,0.8421308398246765
cju2qxxko229x08786gvxxhur.jpg,-1,0.8567394614219666
cju2qz06823a40878ojcz9ccx.jpg,-1,0.8458713293075562
cju2r11x7sdgx0988o8ule0wl.jpg,-1,0.8510314226150513
cju2r2obh2bjm08553kng0rh7.jpg,-1,0.7709826827049255
cju2r6mt2om21099352pny5gw.jpg,-1,0.8695480823516846
cju2r7h21sj9608354gzks3ae.jpg,-1,0.8629432916641235
cju2r91dg2k090801bh0xzbxk.jpg,-1,0.7983397841453552
cju2raxlosl630988jdbfy9b0.jpg,-1,0.8321871757507324
cju2rga4psq9n09881z519xx0.jpg,-1,0.8542541861534119
cju2ricdv2iys0878sv1adh0u.jpg,-1,0.8545395731925964
cju2rkjfwoxys0993x768l1j2.jpg,-1,0.8605308532714844
cju2rlqdnoz9k0993cpjae3x0.jpg,-1,0.8009557723999023
cju2rmd2rsw9g09888hh1efu0.jpg,-1,0.7604515552520752
cju2rn0hasxri0835nfy3buay.jpg,-1,0.8857262134552002
cju2rnkt22xep0801as160g9t.jpg,-1,0.853983461856842
cju2ro5jqsy680988pi6qsujw.jpg,-1,0.895875096321106
cju2rpa30t07b0835im0erql0.jpg,-1,0.8475549221038818
cju2rqo702wpx0855fn7d5cxh.jpg,-1,0.8082464933395386
cju2rxm8rpbaf0993o3qr2oph.jpg,-1,0.7657995223999023
cju2rz4k434s70855wwx3ddtx.jpg,-1,0.819403886795044
cju2rzpsmtb0f0835jabkbao1.jpg,-1,0.8109444379806519
cju2s16zp317h0799gr67jqc2.jpg,-1,0.8430489301681519
cju2s2527pfyr0993l3h1149a.jpg,-1,0.8206272125244141
cju2s9g11pnra0993gn4eh793.jpg,-1,0.8660786151885986
cju2saez63gxl08559ucjq3kt.jpg,-1,0.8035808801651001
cju2sevf53lkx08558h5bpaig.jpg,-1,0.8548923134803772
cju2sggy13na70855tbeoqgha.jpg,-1,0.8597407341003418
cju2spdagu1l50835da1f46fr.jpg,-1,0.7883689403533936
cju2srvy5440s0801y1ba9akr.jpg,-1,0.8570773005485535
cju2sszfq3uye0878sucelzk2.jpg,-1,0.7078577876091003
cju2suk42469908015ngmq6f2.jpg,-1,0.8593595027923584
cju2sxf3iqbpv09937iksn8ep.jpg,-1,0.7928776741027832
cju2syxa93yw40799x2iuwabz.jpg,-1,0.8084392547607422
cju2t16vuucaq0835xcpsivn2.jpg,-1,0.8331713676452637
cju2t2ivz43i10878zeg8r1br.jpg,-1,0.8719034194946289
cju2t3ibkuecr0835o7si16zv.jpg,-1,0.8688944578170776
cju2t62nq45jl0799odpufwx6.jpg,-1,0.8762824535369873
cju2t9tdwuk700835kv0ljmtl.jpg,-1,0.82320636510849
cju2ti1du4idn0878giuozonw.jpg,-1,0.8597210049629211
cju2tjrog4jy30878pawyazqc.jpg,-1,0.8338744640350342
cju2top2ruxxy0988p1svx36g.jpg,-1,0.8097622990608215
cju2tpfa5uyx408359datxqqj.jpg,-1,0.8257971405982971
cju2tqfgw4oat0799rn0g5b2z.jpg,-1,0.8523266911506653
cju2trbpkv0c00988hxla5dzz.jpg,-1,0.7986931800842285
cju2trtjf4qjd0878a2zle9v9.jpg,-1,0.8670616745948792
cju2tvrvm53ws0801a0jfjdxg.jpg,-1,0.8567183613777161
cju2txjfzv60w098839dcimys.jpg,-1,0.7866812348365784
cju2tzypl4wss0799ow05oxb9.jpg,-1,0.8596915006637573
cju2u2b9o4zvp08788qb9nqxj.jpg,-1,0.8160762190818787
cju2u4pymvc720988wsxrmi84.jpg,-1,0.7560791969299316
cju2u73dj53oz0878486k8k4b.jpg,-1,0.8541620969772339
cju2ueb6j5ado0878vf5md13o.jpg,-1,0.8264307975769043
cju2ulk385h170799rlklxob0.jpg,-1,0.8139227628707886
cju2uokeg5jm20799xwgsyz89.jpg,-1,0.7782591581344604
cju2upu4evw7g08358guwozxv.jpg,-1,0.8454306125640869
cju2urqpwvxw70835rvndvtsi.jpg,-1,0.8862563371658325
cju2uwz9f5yf1085506cfamfx.jpg,-1,0.8325982689857483
cju2uy8ox62jo0801g88hh42z.jpg,-1,0.8610244393348694
cju2uzabhs6er0993x3aaf87p.jpg,-1,0.862095832824707
cju2wtwj87kys0855kx6mddzw.jpg,-1,0.8404618501663208
cju2wve9v7esz0878mxsdcy04.jpg,-1,0.8841416239738464
cju2wx0gh7fpz0878wwyd9ep8.jpg,-1,0.8338979482650757
cju2wxv0hxs2f09884w48v8fi.jpg,-1,0.788320779800415
cju2wzu8wxtgu09880ku9x1pg.jpg,-1,0.8244341611862183
cju2x7vw87mu30878hye2ca0m.jpg,-1,0.7447946667671204
cju2xa3i4y0160988i679zsqd.jpg,-1,0.8677257299423218
cju2xbk0080y80801eghyddi2.jpg,-1,0.8881368637084961
cju2xd75m82720801q4s4ik3n.jpg,-1,0.7652369141578674
cju2xf8e5y2wm08359vcgk09b.jpg,-1,0.7696412801742554
cju2xjz2ju8pe0993ysv9wg17.jpg,-1,0.8230792880058289
cju2xlcqxy9c60988vjacdznb.jpg,-1,0.82375168800354
cju2xs6na81t20878pt6nkfip.jpg,-1,0.8811898827552795
cju2xwm1s84l50799i60mq0pu.jpg,-1,0.8857154846191406
cju2xyd9vyi7m098831qcucse.jpg,-1,0.8497406244277954
cju2y0z6g87p10878fpk5d3rq.jpg,-1,0.8865966200828552
cju2y26c588bo07993ksd8eoz.jpg,-1,0.88597571849823
cju2y40d8ulqo0993q0adtgtb.jpg,-1,0.8487577438354492
cju2y5zas8m7f0801d34g5owq.jpg,-1,0.8750258088111877
cju2y8s56ymqr083541ggdsml.jpg,-1,0.8945667147636414
cju2yb31a8e8u0878wdashg7o.jpg,-1,0.8706637620925903
cju2ycp1u8g2r0799jslnp7cz.jpg,-1,0.8732224702835083
cju2yg5ht8i4p087800js8hp4.jpg,-1,0.8893226385116577
cju2yi9tz8vky0801yqip0xyl.jpg,-1,0.8224961161613464
cju2yljr0yzhw0988ecf271ly.jpg,-1,0.8209735155105591
cju2yo1j1v0qz09934o0e683p.jpg,-1,0.8296784162521362
cju2ysg748ru80878sp6j0gm0.jpg,-1,0.7463944554328918
cju2yv4imv6cz099314jveiib.jpg,-1,0.8487623929977417
cju2yw4s7z7p20988lmf2gdgd.jpg,-1,0.8031877875328064
cju2yyhsp933j0855hp32e012.jpg,-1,0.7847679257392883
cju2z1nxlzaj40835wj81s1iy.jpg,-1,0.8326682448387146
cju2z2x3nvd3c099350zgty7w.jpg,-1,0.8693010210990906
cju2z45kuzf6d0988nz2c819m.jpg,-1,0.804567813873291
cju2z6ez69g4u0801qwt088lw.jpg,-1,0.8517779111862183
cju2z9vlp9j0w0801oag91sy9.jpg,-1,0.8789952993392944
cju2zblxw9848087853csbrx1.jpg,-1,0.87129145860672
cju2zdhsczmn50988z64qwg2q.jpg,-1,0.8308774828910828
cju2zdvjn9h7r08553cp4eed5.jpg,-1,0.7328634858131409
cju2zgbj9zmrw0835nnlzxj4c.jpg,-1,0.8503530621528625
cju2zi4l09f5807991s8do2b2.jpg,-1,0.8435840606689453
cju2zjcvj9qma0801dk71hhi0.jpg,-1,0.7760465741157532
cju2zkpdl9h7t0799ix60teqg.jpg,-1,0.8162596225738525
cju2zm0axztpe0988r8s9twjr.jpg,-1,0.8453460931777954
cju2zo0fwzv580988qlijd2xa.jpg,-1,0.8681899309158325
cju2zp89k9q1g0855k1x0f1xa.jpg,-1,0.7163513898849487
cju2zpw4q9vzr0801p0lysjdl.jpg,-1,0.8547170758247375
cju2zr3c3vwb00993jn06bbaz.jpg,-1,0.8715525269508362
cju2zrojo9kcd0878ld2epejq.jpg,-1,0.8445231318473816
cju2zwg05a0oy0801yr73ig7g.jpg,-1,0.8730745911598206
cju2zxja9w1eh09933609ho9z.jpg,-1,0.8897218704223633
cju2zy1e49pqk0878t6ncqn12.jpg,-1,0.8376157283782959
cju300m3s04fg0988uzupuf7z.jpg,-1,0.8776200413703918
cju302fqq9spc0878rrygyzzz.jpg,-1,0.8519381284713745
cju303j5r062k098835zxfds5.jpg,-1,0.7897085547447205
cju30525w04r10835ygp257sb.jpg,-1,0.8792144060134888
cju306x7w05nb0835cunv799x.jpg,-1,0.8171538710594177
cju30ajhw09sx0988qyahx9s8.jpg,-1,0.9010249376296997
cju30bmab08bi0835mvlr6e0r.jpg,2,0.9942244291305542
cju30df2j09dd08351ayx2t6w.jpg,-1,0.8859684467315674
cju30ftgja7170855xl9bkdm0.jpg,-1,0.9006280899047852
cju30gxjq0djk0988jytm49rs.jpg,-1,0.8731290698051453
cju30ia8da2bq0799klnehml2.jpg,-1,0.7110576629638672
cju30j1rgadut0801vuyrsnt8.jpg,-1,0.8228426575660706
cju30k2z40ds308353kdew70n.jpg,-1,0.8902660012245178
cju30lncba3ny0878jwnous8n.jpg,-1,0.8743627667427063
cju30mm25a53s0799qa5wiqe8.jpg,-1,0.8297608494758606
cju30nyxe0gfb0835p256yoju.jpg,-1,0.8794930577278137
cju30ov1oah920801mi8thuyg.jpg,-1,0.8178408741950989
cju30qbm1ad3x0855znuhpz9u.jpg,-1,0.8346030712127686
cju30u1hbakn808019g15nb8b.jpg,-1,0.8089985847473145
cju30xqmh0ni00835ix3batv1.jpg,-1,0.8105009198188782
cju30ywtc0oar0835bp2en7ec.jpg,-1,0.8850993514060974
cju310f6val1v0855xo8tc3gu.jpg,-1,0.8826866149902344
cju3128yi0rpu0988o4oo5n8n.jpg,-1,0.8391621708869934
cju31rb7vb6110801p9rhacuw.jpg,-1,0.8695414662361145
cju31t8xd17bk0835rnb893jk.jpg,-1,0.8244341611862183
cju31ugmfb3dz0855xtqshki6.jpg,-1,0.8987171053886414
cju31w6goazci0799n014ly1q.jpg,-1,0.8130305409431458
cju31y80qbawn0801twwm2l5s.jpg,-1,0.773600161075592
cju320gyvbch60801v2amdi2g.jpg,-1,0.8850531578063965
cju323ypb1fbb0988gx5rzudb.jpg,-1,0.8713499903678894
cju324q101fhe08350wae9cif.jpg,-1,0.828438401222229
cju326h4v1gxw08352px40p7r.jpg,-1,0.8355023860931396
cju3280wv1ir009882jze27tc.jpg,-1,0.8673346042633057
cju32a52lb9rc0799xi40qs00.jpg,-1,0.8594470024108887
cju32csyfblyh080170aa3x5p.jpg,-1,0.854381263256073
cju32fhnhbds40799broyoptc.jpg,-1,0.8467290997505188
cju32gzs6xo8x0993r8tedbpb.jpg,-1,0.8528281450271606
cju32jcdabepz0878d0cznmfe.jpg,-1,0.8324301242828369
cju32l161bi1v07990vm376in.jpg,-1,0.8137699365615845
cju32phw2bv130801yj7bkouq.jpg,-1,0.8508567810058594
cju32pzh9bpw10855q4vaxfhe.jpg,-1,0.8545659184455872
cju32qr9tbvsj08013pkpjenq.jpg,-1,0.8583813309669495
cju32srle1xfq083575i3fl75.jpg,-1,0.8338982462882996
cju32upim1z7u0988l883nqp6.jpg,-1,0.8105928897857666
cju32zhbnc1oy0801iyv1ix6p.jpg,-1,0.8826866149902344
cju330ofbc2l30801th5g3hw6.jpg,-1,0.8568472862243652
cju33231uy4gi0993qc7b1jch.jpg,-1,0.8664889335632324
cju334jzo261t0835yqudnfs1.jpg,-1,0.8364641666412354
cju336l68y7if0993wf092166.jpg,-1,0.825835645198822
cju3381d8bz3h07991xtl7ra0.jpg,-1,0.7637479305267334
cju33belnbyhm0878yxl42233.jpg,-1,0.8636518716812134
cju33eqwbcch208012jikwdky.jpg,-1,0.8647370338439941
cju33jon3ygbj0993pu22a4k6.jpg,-1,0.8284519910812378
cju33mirdc8mj0799k33wzoes.jpg,-1,0.8713120818138123
cju33o12x2jm50988944mxq0v.jpg,-1,0.8284902572631836
cju33qpdvc9g0087825jhf3s9.jpg,-1,0.7557433247566223
cju33w4sdcivk0855x879zht7.jpg,-1,0.8014864921569824
cju33x0f22peh0988g0ln7w5v.jpg,-1,0.862913966178894
cju33yemn2qb20988wfjxximx.jpg,-1,0.7629645466804504
cju33za6l2qy70988jhrlp2ev.jpg,-1,0.9046183824539185
cju34aozyyy830993bn16u32n.jpg,-1,0.8772305250167847
cju34c1xfyz920993itxkkfad.jpg,-1,0.8532754778862
cju34ds2531520988qjpqt6e3.jpg,-1,0.9002228379249573
cju34eqjpcpm508788b3lhp97.jpg,-1,0.7462751269340515
cju34fojcctcf0799ebolbvkn.jpg,-1,0.8180573582649231
cju34i3qvcyog0855qiejxx5w.jpg,-1,0.8466247916221619
cju34m7h536wq0988xz7gx79v.jpg,-1,0.8754823803901672
cju34o6dbd2lo0855aqlcy1hs.jpg,-1,0.7487359046936035
cju34ouumcznz07996gg1xq7v.jpg,-1,0.8010569214820862
cju34repocy5208780gswillm.jpg,-1,0.8347123265266418
cju34sh43d8zm08019xbwhc0o.jpg,-1,0.8339580297470093
cju34uhepd3dd0799hs8782ad.jpg,-1,0.8681325316429138
cju34xspwzenf0993cyzajv9n.jpg,-1,0.8643158674240112
cju34ymm8d6700799uop0cw33.jpg,-1,0.8573833107948303
cju34zivp3fq80988opxbaqyn.jpg,-1,0.8590909242630005
cju3518w2d838079939fqztbc.jpg,-1,0.8140941858291626
cju3521y5d5mq0878t3ezsu4p.jpg,-1,0.8550479412078857
cju353d1eda8c07992afde611.jpg,-1,0.824576735496521
cju35740hzm0g0993zl5ic246.jpg,-1,0.8145915269851685
cju357rxxdaz30878y2esjpjt.jpg,-1,0.8031682968139648
cju358pwtdby20878cg7nm0np.jpg,-1,0.8291478753089905
cju35a77vdj4n08556jj2lgmc.jpg,-1,0.7958710193634033
cju35atpxdjot0855q46aqrd0.jpg,-1,0.7109036445617676
cju35c4wzdhow0799h6eq4sgs.jpg,-1,0.858396053314209
cju35eg0tdmjt085525sb4bua.jpg,-1,0.8546295166015625
cju35fxqyzt5p0993vusm54qz.jpg,-1,0.8138039112091064
cju35i2e63uxr0835h7zgkg9k.jpg,-1,0.87129145860672
cju35k2fr3vc50988c85qkrwg.jpg,-1,0.8183979392051697
cju35ldepdtlm0801yv79y8vu.jpg,-1,0.7755077481269836
cju35mdz73x890835eynq1h9v.jpg,-1,0.8073956966400146
cju35oyvd3y850988km12hdz1.jpg,-1,0.8320364952087402
cju3tp94kfstl08181awh6z49.jpg,-1,0.9065817594528198
cju3tsh4lfsok0987w6x3a0v1.jpg,-1,0.8900443315505981
cju3ttznuftyf09875t11850w.jpg,-1,0.8706982731819153
cju3tvffffx5f0818t5ov22al.jpg,-1,0.8736283183097839
cju3tx1qyg0c907552fglumhc.jpg,-1,0.8559515476226807
cju3u1c8tfyqx08503iedc3mx.jpg,-1,0.8354498147964478
cju3u39fog1bo0871lxjrabks.jpg,-1,0.8423637747764587
cju3u4lxmg59o0755rz42b9en.jpg,-1,0.792112410068512
cju3u815rg4ek0850vvhtcvcm.jpg,-1,0.8164447546005249
cju3ua8u0g9rg0801uayhdxhu.jpg,-1,0.8491061925888062
cju3uhb79gcgr0871orbrbi3x.jpg,-1,0.8059222102165222
cju3ul8dogf1z09872y2ecowp.jpg,-1,0.8576642870903015
cju3umoh1geet0817cmpef5am.jpg,-1,0.8999330997467041
cju3uwz6ogsp10801h2r3bj5l.jpg,-1,0.8697425127029419
cju3uz4o6gr9z0850lhxyxvsj.jpg,-1,0.8326122760772705
cju3v0fl3gwce0755qkjhzmd4.jpg,-1,0.8874506950378418
cju3v11mrgwwb0755u242ygye.jpg,-1,0.8647370338439941
cju3v3ac9gyz30755hfqwyp1i.jpg,-1,0.8802329301834106
cju3v56bwgy8v0871w14pz8fx.jpg,-1,0.8965477347373962
cju3v664kh0px0818y4y7wolf.jpg,-1,0.8899041414260864
cju3v72v5h1qz0818fggilwtq.jpg,-1,0.8116497993469238
cju3wstckialg0871xs0vevsj.jpg,-1,0.86412513256073
cju3x2s11ibzi0817kk284k0j.jpg,-1,0.8502907156944275
cju3x4blzieu30850x10uuvbm.jpg,-1,0.8209735155105591
cju3x5u2tiihx0818914gzxy1.jpg,-1,0.8137222528457642
cju3x7xsaijq80818f0psavav.jpg,-1,0.8335512280464172
cju3x9lttikfb0818a0g104zn.jpg,-1,0.8800317049026489
cju3xeexgii1j0817zs68tb4g.jpg,-1,0.8580437302589417
cju3xga12iixg0817dijbvjxw.jpg,-1,0.8506247401237488
cju3xhpvvimda0987ygrpzni2.jpg,-1,0.9071903228759766
cju3xiic0ilzp0850lusrb42j.jpg,-1,0.7928311824798584
cju3xjqtpikx50817tppy6g84.jpg,-1,0.8618992567062378
cju3xl264ingx0850rcf0rshj.jpg,-1,0.8606403470039368
cju3xtufwiv9c0818djsc4cqd.jpg,-1,0.869718074798584
cju3xuj20ivgp0818mij8bjrd.jpg,-1,0.8891255855560303
cju3xvoo2iqlc0817eku2r3wl.jpg,-1,0.8050310015678406
cju3xwpgviwlx0871rwm15q7v.jpg,-1,0.8411946296691895
cju3xzvnzj0hd0755xprz39nj.jpg,-1,0.8030213713645935
cju3y0pjrj1c30755nxekxccj.jpg,-1,0.8762342929840088
cju3y21quj0ir0818kgjagr15.jpg,-1,0.8566999435424805
cju3y54kwj3nr0801biidlb4e.jpg,-1,0.8171061277389526
cju3y79ofj3va0871uqfb1mzo.jpg,-1,0.8966108560562134
cju3y9difj6th0801kd1rqm3w.jpg,-1,0.8112830519676208
cju3ya7goj6at0818v2l5ay7f.jpg,-1,0.7799749374389648
cju3yb47cj1xq0817zfotbni4.jpg,-1,0.8768494129180908
cju3yht87j83m08507yk1u1fg.jpg,-1,0.8807157278060913
cju3ykamdj9u208503pygyuc8.jpg,-1,0.6573091745376587
cju40jl7skiuo0817p0smlgg8.jpg,-1,0.8769050240516663
cju40m0rjkpw80871z6n6yg1u.jpg,-1,0.8543782830238342
cju40poe4kt9s0755f9cnm3h5.jpg,-1,0.8621402978897095
cju40r6jrksyk0871wg98zgho.jpg,-1,0.8357865214347839
cju40sdwukv3k0755y99ug1k8.jpg,-1,0.8292672038078308
cju40taxlkrho0987smigg0x0.jpg,-1,0.8237147927284241
cju40u30gkuzc0871rq7t666d.jpg,-1,0.8485567569732666
cju40w3hbkwpn08015rbs3wko.jpg,-1,0.8896296620368958
cju40wto5kxwi0755it190f2k.jpg,-1,0.8337044715881348
cju410dnfl0960755y8lu8d79.jpg,-1,0.8851790428161621
cju412uwlkva50850d1ps1ww7.jpg,-1,0.8140559196472168
cju414lf2l1lt0801rl3hjllj.jpg,-1,0.8929612040519714
cju418rckl3ur08012psrx1r1.jpg,-1,0.8396981358528137
cju41kd7yl4nm0850gil5qqwh.jpg,-1,0.8753179311752319
cju41lojblbs307555jdci937.jpg,-1,0.7719030976295471
cju41nz76lcxu0755cya2qefx.jpg,-1,0.8823583126068115
cju41p90plcsx08018cnzpndc.jpg,-1,0.8451699614524841
cju41r6v2lcww0871ps8k8pf5.jpg,-1,0.8286939859390259
cju41s6nbleqy0755e2mslg0b.jpg,-1,0.8548387885093689
cju41z76wlgbz0801qdetlvby.jpg,-1,0.7770223617553711
cju422cm8lfxn0818ojicxejb.jpg,-1,0.8561905026435852
cju424hy5lckr085073fva1ok.jpg,-1,0.8200178742408752
cju426tomlhll0818fc0i7nvh.jpg,-1,0.8802788853645325
cju428k5fldt108177s6g6f45.jpg,-1,0.8732705116271973
cju42dwedlmk60871jbgu4ehi.jpg,-1,0.9100591540336609
cju42g865lorv07552ytz6xxa.jpg,-1,0.8535410761833191
cju42m60jlpcm08186kqppzqv.jpg,-1,0.8185835480690002
cju42nm68lpyo0818xvvqmupq.jpg,-1,0.8895434141159058
cju42py9mlqyd0818u3d1d7ga.jpg,-1,0.838020384311676
cju42qet0lsq90871e50xbnuv.jpg,-1,0.8441996574401855
cju42romflni20817etb9a0fl.jpg,-1,0.8358892202377319
cju42tauqlo5p08171l3cuo4b.jpg,-1,0.8427509069442749
cju42u5bjlvi10801dc13sskp.jpg,-1,0.8605281710624695
cju42wamblrqn098798r2yyok.jpg,-1,0.8582831621170044
cju42xpi8lw4w0871ve317a1p.jpg,-1,0.7869617342948914
cju430pm2lz0y0755jkhcc3d1.jpg,-1,0.8937434554100037
cju439oazm2fu0871ma0vvrft.jpg,-1,0.8861802220344543
cju43b8daly4408170e5ev06g.jpg,-1,0.9100591540336609
cju43c92lm5cj0755lorsorfg.jpg,-1,0.8046597838401794
cju43eigtm6ev0801mv0m96t1.jpg,-1,0.8551747798919678
cju43gfosm63n08714rpih8pe.jpg,-1,0.8125529885292053
cju43h43am1dy08176gwfhmnt.jpg,-1,0.9011082053184509
cju43in5fm22c08175rxziqrk.jpg,-1,0.8317817449569702
cju43jcqim2cp08172dvjvyui.jpg,-1,0.8710256218910217
cju43kj2pm34f0850l28ahpni.jpg,-1,0.8489558696746826
cju43lcnum9y10755bjs7z87f.jpg,-1,0.8544512391090393
cju43mkj9m8wb0871qiadahub.jpg,-1,0.8127526640892029
cju43o6n7m9nk087191ijwqq9.jpg,-1,0.8235699534416199
cju45jpvfn6c809873pv1i34s.jpg,-1,0.8732600212097168
cju45lbgznahl08180xz1h7u6.jpg,-1,0.8476343750953674
cju45n0oxn5vu08500yfrt9jn.jpg,-1,0.8432711362838745
cju45ofd9ne1j0801ri8dup7t.jpg,-1,0.8630077242851257
cju45pm27n80u08174kyow1gj.jpg,-1,0.8379718065261841
cju45qbf3n9sa0987oonbkly9.jpg,-1,0.8687011003494263
cju45rj7ln8980850a7821fov.jpg,-1,0.8664642572402954
cju45t5ddnbio0987qtqzx762.jpg,-1,0.8687563538551331
cju45ty6zn9oz0850qy4qnck1.jpg,-1,0.7783777117729187
cju45v0pungu40871acnwtmu5.jpg,-1,0.8495091795921326
cju5b9oyda4yr0850g9viziyv.jpg,-1,0.8715940117835999
cju5bbtwsa8cl0987wgfsqpao.jpg,-1,0.8353162407875061
cju5bdwa3aatx0818b79i18zf.jpg,-1,0.8768656849861145
cju5bf6hxa6m50817rbwettgu.jpg,-1,0.9071903228759766
cju5bhv81abur0850ean02atv.jpg,-1,0.8500139713287354
cju5bj926aiec07559rshy4wa.jpg,-1,0.8669539093971252
cju5bmhdcafs909878qfzrqzi.jpg,-1,0.7609230875968933
cju5boicjagt20871b1fotkh4.jpg,-1,0.8715940117835999
cju5buy2bal250818ipl6fqwv.jpg,-1,0.7471072673797607
cju5bwhapakm90987c1v4z46a.jpg,-1,0.8224961161613464
cju5bycdkalkb09875f7bfrvx.jpg,-1,0.8897277116775513
cju5c5xc7algd0817pb1ej5yo.jpg,-1,0.8633966445922852
cju5c7oijaqmq09878qwgqv8n.jpg,-1,0.7995846271514893
cju5ca9hcatkc0801jzwe7tfx.jpg,-1,0.8279483318328857
cju5ccpvqash50850kb4bs22k.jpg,-1,0.8249301314353943
cju5cetivauok0987ok3e5bre.jpg,-1,0.8383235335350037
cju5chrxxawka0871qcj171yz.jpg,-1,0.7927747368812561
cju5cjh3xattc0817j2vbulzi.jpg,-1,0.8896296620368958
cju5cky5xb0ay0801oxet697t.jpg,-1,0.843467116355896
cju5clr68b48r0755cmuvponm.jpg,-1,0.8112830519676208
cju5cu8qkb84x08186jwo8yin.jpg,-1,0.8937434554100037
cju5ddda9bkkt0850enzwatb1.jpg,-1,0.8713772892951965
cju5eftctcdbj08712gdp989f.jpg,-1,0.7874504923820496
cju5ekty5ckzf07550c9u3ckk.jpg,-1,0.8277609944343567
cju5enq1tcn1i0755hnkon787.jpg,-1,0.8136072754859924
cju5eq8c8ck690850vix98hv3.jpg,-1,0.8745894432067871
cju5es375cnzy0801nkq35ffs.jpg,-1,0.8397875428199768
cju5ew4h9cqaf0818rrczkmqh.jpg,-1,0.8507212400436401
cju5eyfe9cpk90987laa7tsl3.jpg,-1,0.8393458127975464
cju5f0dezct4q08183ydw11dx.jpg,-1,0.8341589570045471
cju5f26ebcuai0818xlwh6116.jpg,-1,0.8006995916366577
cju5f8hxdcxxn08188obby0ea.jpg,-1,0.8452422618865967
cju5fb86jd1jp0755b1ukbhq5.jpg,-1,0.8401156067848206
cju5fi0yxd3ei0801v7u0yudn.jpg,-1,0.8993203639984131
cju5fs6j6d8350801vglraq4u.jpg,-1,0.8619793653488159
cju5ft6mcd5q40987rhjgbrr6.jpg,-1,0.802993655204773
cju5fu081d8gc0818l3yylujk.jpg,-1,0.7835093140602112
cju5fw37edaae0801vkwvocn7.jpg,-1,0.8800978064537048
cju5fydrud94708507vo6oy21.jpg,3,0.9541078209877014
cju5g163vd6mt0817uccuga6u.jpg,-1,0.8407630920410156
cju5gucasds9d0801019axylx.jpg,-1,0.8957182765007019
cju5h57xedz5h0755mjpc8694.jpg,-1,0.8655804395675659
cju5hi52odyf90817prvcwg45.jpg,-1,0.7732836604118347
cju5hjxaae3i40850h5z2laf5.jpg,-1,0.843940258026123
cju5hl8nee8a40755fm8qjj0o.jpg,-1,0.8819829821586609
cju5hqz50e7o90850e0prlpa0.jpg,-1,0.8588107824325562
cju5ht88gedbu0755xrcuddcx.jpg,-1,0.8957182765007019
cju5huurrecm70801y680y13m.jpg,-1,0.8057329058647156
cju5hwonqedw10801vsd3w6kk.jpg,-1,0.8730772137641907
cju5hyi9yegob0755ho3do8en.jpg,-1,0.8655634522438049
cju5i39mreass0817au8p22zy.jpg,-1,0.8429727554321289
cju5i5oh2efg60987ez6cpf72.jpg,-1,0.8622596859931946
cju5jx7jzf7c90871c2i9aiov.jpg,-1,0.797339916229248
cju5jz5fff8c50871hbe6108f.jpg,-1,0.8150778412818909
cju5k3j3uf6de0817hszzfr7n.jpg,-1,0.8035178184509277
cju5k503sfa5f0871lx0rpu5y.jpg,-1,0.7476341128349304
cju5k7r0yf98c09878csbxb4d.jpg,-1,0.8624072074890137
cju5klveuff6w0871wbibgh3m.jpg,-1,0.8345786333084106
cju5knbbqfipk080128cggukq.jpg,-1,0.8553633093833923
cju5kre09fhka0850h7b1898j.jpg,-1,0.8146299123764038
cju5ktjwofed70817eg58ef7u.jpg,-1,0.8465686440467834
cju5nxkujgscq0817l9gss626.jpg,-1,0.9062173366546631
cju5nyu31gv8e0871zpk74a2n.jpg,-1,0.8542541861534119
cju5o1vu9gz8a0818eyy92bns.jpg,-1,0.8532557487487793
cju5o4pk9h0720755lgp9jq8m.jpg,-1,0.8379604816436768
cju5tenjojp1j0755ms4949h2.jpg,-1,0.8688163161277771
cju5tgbzhjllu08174ca41eus.jpg,-1,0.8917673826217651
cju5thdbrjp1108715xdfx356.jpg,-1,0.8751712441444397
cju5u4pywk81x0817vn9pe14z.jpg,-1,0.8088144063949585
cju5u6wf0kh1t0755bg1ssixv.jpg,-1,0.8473382592201233
cju5u8gz4kj5b07552e2wpkwp.jpg,-1,0.8386765122413635
cju5udcufki0s09874ll1dbr5.jpg,-1,0.9062173366546631
cju5ufn3skquf0818dhapnhba.jpg,-1,0.8088150024414062
cju5uget8krjy0818kvywd0zu.jpg,-1,0.8611021637916565
cju5uhrdwkmsu0817ervv91l8.jpg,-1,0.8279483318328857
cju5ukkg6kv7u08011x2b6zl5.jpg,-1,0.8677257299423218
cju5uxjnol2r509871qv2yeia.jpg,-1,0.8409766554832458
cju5uzmaol56l0817flxh4w9p.jpg,-1,0.868318498134613
cju5v8pgplg6k0755rvi2t63h.jpg,-1,0.8332319259643555
cju5vbo6jldrt0871jf6f1700.jpg,-1,0.8978347778320312
cju5vcmrqla7i0817x4sp4pqw.jpg,-1,0.8573747873306274
cju5vgawslbe30987ndeepc1b.jpg,-1,0.8451486825942993
cju5vi4nxlc530817uoqm2m7a.jpg,-1,0.8715102076530457
cju5von04litr08718j8po40a.jpg,-1,0.8645289540290833
cju5vutu7ll8w0871dfp92n9p.jpg,-1,0.8158913254737854
cju5vwbr4lhqn0987a1pji0ux.jpg,-1,0.8053974509239197
cju5vxuc5loxw0818u8xgf45p.jpg,-1,0.8809764385223389
cju5vzjoslpj708186z2fusmz.jpg,-1,0.8209141492843628
cju5w7xn0lrkq0801f9k0htgx.jpg,-1,0.8740386962890625
cju5waeduln160817w0agirve.jpg,-1,0.8368993997573853
cju5wcc90lu020850mjrxppv6.jpg,-1,0.8936747312545776
cju5wi6bqlxy90755bu227nvb.jpg,-1,0.8843545913696289
cju5wj0faly5008187n6530af.jpg,-1,0.8156200647354126
cju5wkonqlrl409877y8zvnub.jpg,-1,0.8166348338127136
cju5wmvsdlx1j0871npgj8j4b.jpg,-1,0.8006646633148193
cju5woy82m07m08505dmjg7g1.jpg,-1,0.7107182741165161
cju5wphwwlu3m0987hh3ltg88.jpg,-1,0.7798588275909424
cju5wqonpm0e60801z88ewmy1.jpg,-1,0.8424460887908936
cju5wrapcm2290818jsh26ppb.jpg,-1,0.8541620969772339
cju5wrrs0m2af0818vmnajbtw.jpg,-1,0.8604068756103516
cju5wtdu4m0im0871mix0yvc0.jpg,-1,0.7989286184310913
cju5wuhm1lwm40987vugqn3vv.jpg,-1,0.8495913147926331
cju5x00l6m5j608503k78ptee.jpg,-1,0.786811351776123
cju5x15djm7ae0755h8czf6nt.jpg,-1,0.8379606604576111
cju5x28nzm7t907558ocq4bt7.jpg,-1,0.7351729869842529
cju5x7iskmad90818frchyfwd.jpg,-1,0.8330609202384949
cju5xjn5mm78b09871spyqhhr.jpg,-1,0.8599501848220825
cju5xkwzxmf0z0818gk4xabdm.jpg,-1,0.8351941108703613
cju5xneamme2p0801qdf7fdwv.jpg,-1,0.8299294710159302
cju5xopi0md7q0871r1sjc1av.jpg,-1,0.8513470888137817
cju5xq3tdm9fn0987pbedxdg5.jpg,-1,0.7981436252593994
cju5y4hgqmk0i08180rjhbwvp.jpg,-1,0.8808605670928955
cju5y7buemcw80987p0r30g9f.jpg,-1,0.8427784442901611
cju5y84q3mdv50817eyp82xf3.jpg,-1,0.8698766827583313
cju5yclrymlgj0818k426ud6z.jpg,-1,0.856531023979187
cju5yeqiwmkgl0801fzv2douc.jpg,-1,0.852265477180481
cju5ygh1zmmdi0755uod5e17i.jpg,-1,0.8588107824325562
cju5yhgznmkzb0801cji2vi8j.jpg,-1,0.8183989524841309
cju5yimthmlv80850zhoc90c2.jpg,-1,0.86412513256073
cju5yjq1pmlgc0801z0t24bly.jpg,-1,0.7960513234138489
cju5ymyd8mmdc0801ry3by1xr.jpg,-1,0.8741794228553772
cju6ur9l9v9jq0755paud9uka.jpg,-1,0.8598101735115051
cju6us80mv1b50871ebyq2wxa.jpg,-1,0.8254769444465637
cju6ut4l8va6y0755tyw3vfqq.jpg,-1,0.8235692977905273
cju6uy20suzbl0987rzuhz7z9.jpg,-1,0.8698753118515015
cju6uzxk0v83p0801rcwnexdu.jpg,-1,0.9161161184310913
cju6v1m1xv07w09870ah3njy1.jpg,-1,0.8454446196556091
cju6v3bb2v7xo085090blubyw.jpg,-1,0.8356754183769226
cju6v4szov55u0871qmqz3v8n.jpg,-1,0.8266646862030029
cju6v5ilsv8hk0850rb5sgh6o.jpg,-1,0.8107186555862427
cju6v6g6kvdw007552x6mb0po.jpg,-1,0.815538763999939
cju6vgdmivcvb08018fra5lnv.jpg,-1,0.853147566318512
cju6vifjlv55z0987un6y4zdo.jpg,-1,0.8514537811279297
cju6vqarjv7yo0987q4b1btk1.jpg,-1,0.8153511881828308
cju6vrs1ov8cr098788h8gs6j.jpg,-1,0.8496087789535522
cju6vta3kvazg0817qbeppjtm.jpg,-1,0.8788901567459106
cju6vucxvvlda0755j7msqnya.jpg,-1,0.868021547794342
cju6vvb8svhed0801jjcquh5e.jpg,-1,0.8316329121589661
cju6vvxsev9y30987kespucdg.jpg,-1,0.8454306125640869
cju6w733bveoz0817e600tw72.jpg,-1,0.8245817422866821
cju6wi3akvn8r0801px8eligc.jpg,-1,0.8199775218963623
cju6wjm81vgsc0987enk9n3pr.jpg,-1,0.7672772407531738
cju6wll7wvo3y08502pagos8m.jpg,-1,0.848340630531311
cju6wn57mvooj0850rp78hhy7.jpg,-1,0.8795214295387268
cju6wt9jvvn500871hjn3t3g0.jpg,-1,0.8528618812561035
cju6wuojavt740818b5qcv3iw.jpg,4,0.9467087388038635
cju6x0yqbvxqt0755dhxislgb.jpg,-1,0.8733778595924377
cju6x35ervu2808015c7eoqe4.jpg,-1,0.8874506950378418
cju6x4t13vyw60755gtcf9ndu.jpg,-1,0.8603354692459106
cju6x97w4vwua0850x0997r0a.jpg,-1,0.8687645196914673
cju6xa0qmvzun0818xjukgncj.jpg,-1,0.8441996574401855
cju6xifswvwbo0987nibtdr50.jpg,-1,0.8575413823127747
cju6xlygpw7bs0818n691jsq4.jpg,-1,0.8567394614219666
cju6xmqd9w0250817l5kxfnsk.jpg,-1,0.7651811838150024
cju6ywm40wdbo0987pbftsvtg.jpg,-1,0.7494748830795288
cju6yxyt0wh080871sqpepu47.jpg,-1,0.8457215428352356
cju6yywx1whbb0871ksgfgf9f.jpg,-1,0.8593475818634033
cju6z1bzbwfq50817b2alatvr.jpg,-1,0.8260189294815063
cju6z2616wqbk07555bvnuyr1.jpg,-1,0.8520826697349548
cju6z600qwh4z081700qimgl9.jpg,-1,0.864502489566803
cju6z7e4bwgdd0987ogkzq9kt.jpg,-1,0.8180945515632629
cju6z9a9kwsl007552s49rx6i.jpg,-1,0.8630675077438354
cju76erapykj30871x5eaxh4q.jpg,-1,0.8692389726638794
cju76l27oyrw907551ri2a7fl.jpg,-1,0.7672483921051025
cju76lsehyia10987u54vn8rb.jpg,5,0.9977756142616272
cju76o55nymqd0871h31sph9w.jpg,-1,0.8691361546516418
cju77196iyshb0850ycbto50a.jpg,-1,0.8605872988700867
cju772304yw5t0818vbw8kkjf.jpg,5,0.9977756142616272
cju773hsyyosz0817pk1e7sjq.jpg,-1,0.868413507938385
cju774fmayxif0818u2g79usw.jpg,-1,0.8672164082527161
cju7787c5yy3l080159mwqsnj.jpg,-1,0.8291373252868652
cju77afzlz3kp07550x5nafzs.jpg,-1,0.8950265049934387
cju77b3wyz4160755qis4ljsb.jpg,-1,0.8197242617607117
cju77bvg0yv4r0987yh60xmjo.jpg,-1,0.8987171053886414
cju77g99iyxc00817zqi2ppor.jpg,-1,0.9105548858642578
cju77idwfz36d0871tzfzz51i.jpg,-1,0.8449195027351379
cju77j66ez52p08019xygi0co.jpg,-1,0.8488034605979919
cju77k828z46w0871r0avuoo9.jpg,2,0.9942244291305542
cju77q10sz9ug0801449wu1nu.jpg,-1,0.8774343729019165
cju77re6fz5bb0817vp9redjg.jpg,-1,0.8539870977401733
cju77t0razbvm080106o56289.jpg,-1,0.8647763729095459
cju77u1sjz77b0817ft44r3fk.jpg,-1,0.884994387626648
cju77vvcwzcm50850lzoykuva.jpg,-1,0.8580294251441956
cju783tmkzkqu081803g7q5vk.jpg,-1,0.7675449252128601
cju784jpdzeae0987q5ypq883.jpg,-1,0.8623241186141968
cju785htizjzo08017tvlhtg4.jpg,-1,0.8256402015686035
cju787jnjzjuj0871p94nck9g.jpg,-1,0.8367778062820435
cju7adqyj1jcx08712r1ro5gx.jpg,-1,0.7823818922042847
cju7ae7bq1f820987toc8si1d.jpg,-1,0.8470562696456909
cju7aez2x1jtj0871ztezs3oi.jpg,-1,0.8082464933395386
cju7afqon1ip40850ue2308b6.jpg,-1,0.8596239686012268
cju7agj961l2r0818z29iq8yn.jpg,-1,0.8256402015686035
cju7ahtkb1jr90801jck4kbds.jpg,-1,0.8116790652275085
cju7aifyo1p3n07552nxjx51f.jpg,-1,0.8318403959274292
cju7ajnbo1gvm098749rdouk0.jpg,-1,0.8509044051170349
cju7aklv31h4309871m29l4e7.jpg,-1,0.7992773056030273
cju7alcgr1lsr0871riqk84z7.jpg,-1,0.8792144060134888
cju7amjna1ly40871ugiokehb.jpg,-1,0.8291478753089905
cju7ap09p1kz10850ldccjebj.jpg,-1,0.8607391715049744
cju7apr0c1qqm0755s7msqot4.jpg,-1,0.8402106761932373
cju7aqkue1i2k09879uzcpt8r.jpg,-1,0.8978347778320312
cju7arvfe1ldu0850erdmphgj.jpg,-1,0.8283514380455017
cju7atnm31if40817pqclnjer.jpg,-1,0.874015212059021
cju7avvi51iox0817ym55y6tt.jpg,3,0.9541078209877014
cju7awzmu1ncs0871hziy65zx.jpg,-1,0.8394936919212341
cju7azuu31mia0801pf9ib5ed.jpg,-1,0.8730745911598206
cju7b10ce1mnm08011c5bwyr4.jpg,-1,0.9085183143615723
cju7b1ygu1msd0801hywhy0mc.jpg,-1,0.8458713293075562
cju7b2l561oas0871decgslaf.jpg,-1,0.8684676885604858
cju7b3f5h1sm40755i572jden.jpg,-1,0.8417649865150452
cju7b4mtw1n9n080186209f3d.jpg,-1,0.8149656057357788
cju7b5afm1nfw0801xqm8bf8q.jpg,-1,0.8606172800064087
cju7b9vcs1luz0987ta60j1dy.jpg,-1,0.8538935780525208
cju7bb3ss1uoo0755pmhyco7t.jpg,-1,0.8033667206764221
cju7bc95p1mdm0817yqj5jc6j.jpg,-1,0.8587443828582764
cju7bd1qu1mx409877xjxibox.jpg,-1,0.8581126928329468
cju7bduyq1rjf08719giru9ho.jpg,-1,0.8599501848220825
cju7bf1lp1shi081835vs84lc.jpg,-1,0.8079723715782166
cju7bfx651qr80801cs7epotb.jpg,-1,0.8814964890480042
cju7bgnvb1sf808717qa799ir.jpg,-1,0.8570762872695923
cju7bmi1v1pnj0987pa52jjok.jpg,-1,0.8678267002105713
cju7cl8zm1xcu0817ado0jpas.jpg,-1,0.8321242332458496
cju7cp6dw244p0818gncdol4m.jpg,-1,0.8463478088378906
cju7cq6su27qv075574dir0r3.jpg,-1,0.8594527244567871
cju7crgxa28550755wbsgqkel.jpg,-1,0.8413708806037903
cju7csvlb22fr0850lvm45n3x.jpg,-1,0.9010249376296997
cju7ctvqn25dy08186g442m1r.jpg,-1,0.8019945621490479
cju7cue9b232j0801qdzk1ykj.jpg,-1,0.8741925954818726
cju7cufm7298k0755j09uf3of.jpg,-1,0.8055217266082764
cju7d1tvt25bu08019dvw3uff.jpg,-1,0.8332120180130005
cju7d2q1k27nf08715zshsckt.jpg,-1,0.8077863454818726
cju7d3oc82cho0755dajlwldz.jpg,-1,0.8399319648742676
cju7d4jk723eu0817bqz2n39m.jpg,-1,0.9001762866973877
cju7d5m0p23kn09871rk7pu3v.jpg,-1,0.8684676885604858
cju7d6ux323ze0987xos3srkx.jpg,-1,0.8644043207168579
cju7d7aut2a2p0818z4uxc6cd.jpg,-1,0.8322067856788635
cju7d7tly27h408016fyp5nr7.jpg,-1,0.8331605792045593
cju7d8m3b2e210755l8fj1yph.jpg,-1,0.8083070516586304
cju7d9seq29zd0871nzl2uu5m.jpg,-1,0.8430289030075073
cju7da88w2eod0755wejzynvt.jpg,-1,0.7187557220458984
cju7db7lp2f400755tntd1ohf.jpg,-1,0.8046216368675232
cju7dbppn28nx085097654msi.jpg,-1,0.847824215888977
cju7dda8w2br20818zhsuz8s7.jpg,-1,0.8164447546005249
cju7ddtz729960801uazp1knc.jpg,-1,0.7591074109077454
cju7deifq2fzn0755lc8idyh8.jpg,-1,0.8541275858879089
cju7dff9529h208503w60lbil.jpg,-1,0.8597407341003418
cju7dglf226g50987ohbthl19.jpg,-1,0.8339253067970276
cju7dhpsc2dnn0818025m6857.jpg,-1,0.819663941860199
cju7dizi82h2i0755doucgnt3.jpg,-1,0.8720983266830444
cju7dlk532dsh0871zvr6qz0r.jpg,-1,0.7995666265487671
cju7dmlgf2ebw0871ieqas5fh.jpg,-1,0.8881368637084961
cju7dn24o296i09871qfxb8s2.jpg,-1,0.8665423393249512
cju7do8c72dbo0801vxfzxdc4.jpg,-1,0.8724288940429688
cju7dp3dw2k4n0755zhe003ad.jpg,-1,0.871329128742218
cju7dqcwi2dz00850gcmr2ert.jpg,-1,0.8295387029647827
cju7druhp2gp308715i6km7be.jpg,-1,0.8851790428161621
cju7dsrtb2f8i085064kwugfk.jpg,-1,0.8386518955230713
cju7dtb1e2j0t0818deq51ib3.jpg,-1,0.8849680423736572
cju7dubap2g0w0801fgl42mg9.jpg,-1,0.8193054795265198
cju7dvl5m2n4t0755hlnnjjet.jpg,-1,0.8617045879364014
cju7dwe282dc309876rco45ts.jpg,-1,0.8597407937049866
cju7dxffn2eam0817qxosfwch.jpg,-1,0.8960018157958984
cju7dymur2od30755eg8yv2ht.jpg,-1,0.8704485297203064
cju7dz5yy2i7z0801ausi7rna.jpg,-1,0.8819454908370972
cju7ea4om2l910801bohqjccy.jpg,-1,0.8661786913871765
cju7ebe962hr409872ovibahw.jpg,-1,0.8669712543487549
cju7ecl9i2i060987xawjp4l0.jpg,-1,0.8730849027633667
cju7eea9b2m0z0801ynqv1fqu.jpg,-1,0.8124932050704956
cju7efffp2ivf0817etg3jehl.jpg,-1,0.873763382434845
cju7ehljc2or70871261br8ai.jpg,-1,0.9023295640945435
cju7ejm2l2ncl0801wq6y84nw.jpg,-1,0.8705213665962219
cju7ekbo32pft0871fv7kzwb9.jpg,-1,0.7610442042350769
cju7el6xv2k520817qxx9wdr5.jpg,-1,0.8276456594467163
cju7emdni2py40871ivhxjtut.jpg,-1,0.8628311157226562
cju7eotqi2qea0871y8yc7tqh.jpg,-1,0.8553757667541504
cju7epwj82koz098713apjnzo.jpg,-1,0.8472278118133545
cju7er4kc2opa0801anuxc0eb.jpg,-1,0.8115503191947937
cju7es23b2vcp0755gpbm9s7v.jpg,-1,0.8085500001907349
cju7et17a2vjk0755e743npl1.jpg,-1,0.8117830157279968
cju7etr3y2p4t0801cdzjj8ab.jpg,-1,0.8395509123802185
cju7eueum2oqn0850rodmx8zo.jpg,-1,0.8688299655914307
cju7ev2b12owa08500bpfpwyw.jpg,-1,0.8497405648231506
cju7evxt12m730987rxivne3x.jpg,-1,0.8191573619842529
cju7ey10f2rvf0871bwbi9x82.jpg,-1,0.8646312952041626
cju7ez7r22qbc08015xfoz2wb.jpg,-1,0.8427722454071045
cju7ezs7g2mxm098787atbran.jpg,-1,0.8802329301834106
cju7f0ec32txj08184asb8w5f.jpg,-1,0.8103966116905212
cju7f4sc62xqj075597xpmuoy.jpg,-1,0.7974095940589905
cju7f5ghb2r5s0801chwkxxh9.jpg,-1,0.7093055844306946
cju7f6cqy2ur20818t1saazbm.jpg,-1,0.8307607769966125
cju7f900s2o0k08175gl1giid.jpg,-1,0.8605872988700867
cju7f9umg2olj0987fj5y285w.jpg,-1,0.846799910068512
cju7fazv92ywx0755xov2erga.jpg,-1,0.8491397500038147
cju7fbndk2sl608015ravktum.jpg,-1,0.8652974367141724
cju7fcgbe2z3p07550vaflqdb.jpg,-1,0.8236503005027771
cju7fd6yt2p740987wkr8exo1.jpg,-1,0.8539773225784302
cju7fen322ou10817ziqkob4k.jpg,-1,0.829474687576294
cju7ff97z2ow40817u2r83my5.jpg,-1,0.8251447677612305
cju7flevb2wii08188otgs9p2.jpg,-1,0.8340119123458862
cju7fmvpk2q170987v6i3ola8.jpg,-1,0.8277835845947266
cju7fnfv02tt90801djnix9m8.jpg,-1,0.868318498134613
cju7fob3x301u0755x985pmmq.jpg,-1,0.8317907452583313
cju7fpfzq2wyf0818xxd1oziv.jpg,-1,0.8584235906600952
cju7fq7mm2pw508176uk5ugtx.jpg,-1,0.740890383720398
cju7frtqu2xa20818wq8r9fzf.jpg,-1,0.8338580131530762
cju7g7ba42z310987bqzbi2bq.jpg,-1,0.8573360443115234
cju83h9ysjwe808716nt35oah.jpg,-1,0.7570754289627075
cju83ipu3jwpx0801z5pvguf8.jpg,-1,0.7909530401229858
cju83k8fyjsxr0817d6nxs6r4.jpg,-1,0.8415176272392273
cju83kxitjv340987z09m0ezy.jpg,-1,0.8010319471359253
cju83mki1jv5w0817kubxm31r.jpg,-1,0.8427159190177917
cju83nwu1jxte0987h1krpfmv.jpg,-1,0.8524317741394043
cju83qd0yjyht0817ktkfl268.jpg,-1,0.8933835029602051
cju83rcnzkbsj0755x5anfrcg.jpg,-1,0.8590909242630005
cju83syhdk6gs0801rf1rekdl.jpg,-1,0.8540038466453552
cju83u9ftk3ni0987qnhlcinv.jpg,-1,0.7845338582992554
cju83vvmik9wa08710yeh7cuk.jpg,-1,0.8473742008209229
cju83wwn1k55e0850kw6i2d81.jpg,-1,0.8649020195007324
cju83yddek68q0850d2x7zfkm.jpg,-1,0.8761918544769287
cju8402x1kcy70801t6kz6bdi.jpg,-1,0.8336499333381653
cju8418jhkf7d0818ga2v0xq0.jpg,-1,0.8612059354782104
cju8432cmkgq90871cxe4iptl.jpg,-1,0.8495898842811584
cju843yjskhq30818qre4rwm2.jpg,-1,0.8433077931404114
cju846ec0kj7z08012o10klrb.jpg,-1,0.8395842909812927
cju847pxykriq0755268ktrk2.jpg,-1,0.8862563371658325
cju849c23kgnk0817cgv2hw1e.jpg,-1,0.8495898842811584
cju84aoa3ktwn0755pfl4gfwd.jpg,-1,0.880947470664978
cju84dsvaklpx098750hp83x4.jpg,-1,0.8539870977401733
cju84ffdzkrjn08183jh1fxmb.jpg,-1,0.8295730352401733
cju84gpefknwm098714oq8q61.jpg,-1,0.7845850586891174
cju84hibuktj80871u519o71q.jpg,-1,0.8299423456192017
cju84ih17kp5l09876bkooocl.jpg,-1,0.8571481704711914
cju84jdl9kv0i0871eog9b3i9.jpg,-1,0.859574556350708
cju84kplnl1y30755ropua1b0.jpg,-1,0.8950265049934387
cju8567gdlcbq0801dwwyo2jt.jpg,-1,0.7956198453903198
cju857ad0l88m0817qx4cwxnf.jpg,-1,0.8212953805923462
cju858eswlepn0871pzvdrhj1.jpg,-1,0.8480725288391113
cju85a8h8llwm07559wxg4t5w.jpg,-1,0.8165078163146973
cju85bf1algsq0871y9gtlq97.jpg,-1,0.8743627667427063
cju85c2d4ln1b0755zz1z3onx.jpg,-1,0.8476939797401428
cju85citjlnfm0755i4rk5tqj.jpg,-1,0.7918300032615662
cju85dx63lic408017f0l0400.jpg,-1,0.8850993514060974
cju85fc11ljr40818edpb0inh.jpg,-1,0.8658546805381775
cju85hguellg50818kwu3s8d1.jpg,-1,0.8246349096298218
cju85ia1slh220987y7c20sm2.jpg,-1,0.8476364016532898
cju85je7vlht70817c9jcjwi4.jpg,-1,0.8621402978897095
cju85l4yjlops0801fvmnwptf.jpg,-1,0.8708615899085999
cju85mpuglq8k0818d2it6hzb.jpg,-1,0.7886925935745239
cju85nr8elly209872w9n5m0s.jpg,-1,0.8577852249145508
cju85omszllp30850b6rm9mi3.jpg,-1,0.8966108560562134
cju85plp7lmkw0850rx42jdpf.jpg,-1,0.836379885673523
cju85qefyln6v0850szeb9byi.jpg,-1,0.8079723715782166
cju85rkbnlo1c08503uxcpax1.jpg,-1,0.8627628684043884
cju87kbcen2av0987usezo8kn.jpg,-1,0.8773540258407593
cju87li0zn3yb0817kbwgjiz8.jpg,-1,0.8432478308677673
cju87mrypnb1e0818scv1mxxg.jpg,-1,0.8861802220344543
cju87nkyrnb970801q84m47yt.jpg,-1,0.8902660012245178
cju87ox0kncom0801b98hqnd2.jpg,-1,0.8422946333885193
cju87q6yoneim0871dl4phvkd.jpg,-1,0.8399631381034851
cju87r56lnkyp0755hz30leew.jpg,-1,0.8106260299682617
cju87tyddnnad0755bj0wxahe.jpg,-1,0.7418699264526367
cju87vqa0ndwg0850onjdz7ol.jpg,-1,0.863137423992157
cju87xn2snfmv0987sc3d9xnq.jpg,-1,0.8603649735450745
cju87z6o6nh73085045bzsx6o.jpg,-1,0.8164950013160706
cju87zv8lni0o0850hbbecbq6.jpg,-1,0.8431463837623596
cju8828oxnool0801qno9luhr.jpg,-1,0.8751394748687744
cju884985nlmx0817vzpax3y4.jpg,-1,0.7797029614448547
cju885ikhnmkn09878s2lqtuh.jpg,-1,0.8564362525939941
cju886ryxnsl50801r93jai7q.jpg,6,0.9962102174758911
cju887ftknop008177nnjt46y.jpg,-1,0.8802788853645325
cju888fr7nveu0818r9uwtiit.jpg,-1,0.7610505819320679
cju88aq6vo1ij0755c2ey7z7n.jpg,-1,0.7223485112190247
cju88cddensj00987788yotmg.jpg,-1,0.8531064391136169
cju88evxanv9r08176zkeovec.jpg,-1,0.8418211936950684
cju88fpm4o0tl0871w1i6a4ds.jpg,-1,0.8652523756027222
cju88gx09o2vk0818610zody3.jpg,-1,0.7812948822975159
cju88itqbny720987hxizbj5y.jpg,-1,0.8365148305892944
cju88k75inzyb0850ccv5x3vk.jpg,-1,0.8179272413253784
cju88l66no10s0850rsda7ej1.jpg,-1,0.7348067164421082
cju88msmoo3470817m441j4sg.jpg,-1,0.8716924786567688
cju88nroho44508500129f1nh.jpg,-1,0.843804657459259
cju88oh0po9gq0801nge4tgr1.jpg,-1,0.8469813466072083
cju88q6h6obpd0871ckmiabbo.jpg,-1,0.8339307904243469
cju88rl5eo94l0850kf5wtrm1.jpg,4,0.9467087388038635
cju88t4fvokxf07558ymyh281.jpg,-1,0.8864490985870361
cju88trl3ogi208716qvti51b.jpg,-1,0.8273073434829712
cju88v2f9oi8w0871hx9auh01.jpg,-1,0.8137103915214539
cju88vx2uoocy075531lc63n3.jpg,-1,0.8859713077545166
cju88y1mwoln50871emyfny1g.jpg,-1,0.8588032126426697
cju88z8bson4h0871nnd7fdxo.jpg,-1,0.8456463813781738
cju890guyoiti098753yg6cdu.jpg,-1,0.8516017198562622
cju8914beokbf0850isxpocrk.jpg,-1,0.8657185435295105
cju892fesoq2g0801n0e0jyia.jpg,-1,0.8299187421798706
cju893jmdompz0817xn3g1w4h.jpg,-1,0.7813791036605835
cju89y9h0puti0818i5yw29e6.jpg,-1,0.9161161184310913
cju89z6pqpqfx0817mfv8ixjc.jpg,-1,0.8485567569732666
cju8a1jtvpt9m081712iwkca7.jpg,-1,0.7676109671592712
cju8a2itsq4dv0755ntlovpxe.jpg,-1,0.8107271194458008
cju8a3nhbpwnb0850d37fo2na.jpg,-1,0.8452014923095703
cju8a56vxpy780850r45yu4wk.jpg,-1,0.8247466683387756
cju8a84g0q76m0818hwiggkod.jpg,-1,0.8811766505241394
cju8abobpqbir08189u01huru.jpg,-1,0.8425253033638
cju8adb60qbiu080188mxpf8d.jpg,-1,0.8204402327537537
cju8aeei7q8k308173n9y4klv.jpg,-1,0.8753397464752197
cju8aj01yqeqm0850lhdz3xdw.jpg,-1,0.8526585102081299
cju8alhigqn2h0801zksudldd.jpg,-1,0.8695158362388611
cju8amfdtqi4x09871tygrgqe.jpg,6,0.9962102174758911
cju8ando2qqdo0818ck7i1be1.jpg,-1,0.8535006046295166
cju8apjewqrk00801k5d71gky.jpg,-1,0.865217924118042
cju8aqq8uqmoq0987hphto9gg.jpg,-1,0.8064744472503662
cju8arof2qpf20850ifr1bnqj.jpg,-1,0.8188342452049255
cju8ashhnquqr0801rwduzt7d.jpg,-1,0.7943729758262634
cju8at3s1qqqx0850hcq8nmnq.jpg,-1,0.8432654738426208
cju8auylgqx0z0871u4o4db7o.jpg,-1,0.8436616659164429
cju8aw9n1qyg10801jkjlmors.jpg,-1,0.8692753314971924
cju8axq24r4an0755yhv9d4ly.jpg,-1,0.8749566078186035
cju8ayeq7r1fb0818z1junacy.jpg,-1,0.8929612040519714
cju8azmhcr66e0755t61atz72.jpg,-1,0.7941887974739075
cju8b0jr0r2oi0801jiquetd5.jpg,-1,0.88597571849823
cju8b1v3br45u087189kku66u.jpg,-1,0.8740068674087524
cju8b2rmgr52s0801p54eyflx.jpg,-1,0.8859684467315674
cju8b3ka8r64u0801fh18hk7l.jpg,-1,0.8823583126068115
cju8b4ja9r2s808509d45ma86.jpg,-1,0.8762180209159851
cju8b542nr81x0871uxnkm9ih.jpg,-1,0.7899712324142456
cju8b5p40r2c60987ofa0mu03.jpg,-1,0.878976583480835
cju8b6rp0r5st0850184f79xt.jpg,-1,0.853083074092865
cju8b7aqtr4a00987coba14b7.jpg,-1,0.8452107906341553
cju8b8yair65w09878pyqtr96.jpg,-1,0.8658788800239563
cju8bafgqrf4x0818twisk3ea.jpg,-1,0.8018612861633301
cju8bbznkrf5g0871jncffynk.jpg,-1,0.9055222272872925
cju8bff9nrfi10850fmfzbf8v.jpg,-1,0.8277664184570312
cju8bgdmqrksy0801tozdmraa.jpg,-1,0.8737001419067383
cju8bh8surexp0987o5pzklk1.jpg,-1,0.7677041292190552
cju8bi8q7rlmn0871abc5ch8k.jpg,-1,0.8797922730445862
cju8bj2ssrmlm0871gc2ug2rs.jpg,-1,0.8896406292915344
cju8bk8oirjhw0817hgkua2w8.jpg,-1,0.8091492652893066
cju8bljw9rqk20801kr54akrl.jpg,-1,0.8736283183097839
cju8bm24yrrdp081829mbo8ic.jpg,-1,0.8192634582519531
cju8bn7m2rmm70817hgxpb1uq.jpg,-1,0.8532612919807434
cju8bop5jrsid08716i24fqda.jpg,-1,0.8715102076530457
cju8bpctzrqkr0850zeldv9kt.jpg,-1,0.8173303604125977
cju8bqxxurs6i0850mu7mtef9.jpg,-1,0.8679361939430237
cju8brv16rx7f0818uf5n89pv.jpg,-1,0.8669184446334839
cju8bssulrrcy0987h1vq5060.jpg,-1,0.8199775218963623
cju8buos5rz9b08715lfr0f4f.jpg,-1,0.7983624339103699
cju8bw697rwg308177tg8huas.jpg,-1,0.9002228379249573
cju8bysfgrzkl081786jwac09.jpg,-1,0.7946980595588684
cju8bzzy2s66m08016z6mouqt.jpg,-1,0.881888210773468
cju8c1a0ws7o208181c6lbsom.jpg,-1,0.8512334823608398
cju8c2rqzs5t80850d0zky5dy.jpg,-1,0.8237147927284241
cju8c3xs7sauj0801ieyzezr5.jpg,-1,0.8427509069442749
cju8c5223s8j80850b4kealt4.jpg,-1,0.8327113389968872
cju8c5mxls96t0850wvkvsity.jpg,-1,0.863393247127533
cju8c5zcbsdfz0801o5t6jag1.jpg,-1,0.7757250070571899
cju8c6hnxsdvr0801wn0vrsa6.jpg,-1,0.8152154684066772
cju8c82iosagu0817l74s4m5g.jpg,-1,0.8928256630897522
cju8c9akjsdjj0850s67uzlxq.jpg,-1,0.749027669429779
cju8ca4geseia0850i2ru11hw.jpg,-1,0.7790253162384033
cju8cattbsivm0818p446wgel.jpg,-1,0.8771870136260986
cju8cbsyssiqj0871gr4jedjp.jpg,-1,0.7292858362197876
cju8cdeazsm8h0801jxifmzur.jpg,-1,0.8532304763793945
cju8ceacrsqkr0755hdz145es.jpg,-1,0.849814772605896
cju8cgi2kspp308011nxdtjp6.jpg,-1,0.8527579307556152
cju8chdlqsu620755azjty1tj.jpg,-1,0.821974515914917
cju8chxndsre008015uisl4si.jpg,-1,0.8346030712127686
cju8cj10qsrau0871o2dr6ai1.jpg,-1,0.8810746073722839
cju8clorgsuwn08714toqb7v6.jpg,-1,0.7916908264160156
cju8cwy02t9eq08185qn12c02.jpg,-1,0.8375552892684937
cju8czvnztbf40871b4m7t78w.jpg,-1,0.8032160401344299
cju8d2q30tfhs0801n7lx77xl.jpg,-1,0.8557041883468628
cju8d4jgatgpj0871q2ophhkm.jpg,-1,0.8502532243728638
cju8dic9mtppa0987swn23wbc.jpg,-1,0.8112061619758606
cju8djdqztu6408506pzhlo18.jpg,-1,0.7988592386245728
cju8dk7eztzup08182yxko5zh.jpg,-1,0.8452014923095703
cju8dm2cau2km0818jsv9eeq2.jpg,-1,0.8360499739646912
cju8dn0c3u2v50801k8rvq02f.jpg,-1,0.8294235467910767
cju8doa16u5gh0818w1ywda3q.jpg,-1,0.8702665567398071
cju8dpa89u6l80818dj6lldh9.jpg,-1,0.8329519033432007
cju8dqkrqu83i0818ev74qpxq.jpg,-1,0.8417071104049683
cjyzjzssvd8pq0838f4nolj5l.jpg,-1,0.9046183824539185
cjyzk8qieoboa0848ogj51wwm.jpg,-1,0.9065817594528198
cjyzkmjy8evns070165gf9dmq.jpg,-1,0.8732600212097168
cjyzkpsbjdsjq07211dfi4sru.jpg,-1,0.8713772892951965
cjyzl833ndne80838pzuq6ila.jpg,-1,0.7967444658279419
cjyzlw7f9faqr070129au64sq.jpg,-1,0.8808605670928955
cjyztzaqtrv430848l8xgcerw.jpg,-1,0.9105548858642578
cjyzu3reghjya0794w7pwoi50.jpg,-1,0.9085183143615723
cjyzu9th0qt4r0a46pyl4zik0.jpg,-1,0.8894437551498413
cjyzufihqquiw0a46jatrbwln.jpg,-1,0.8297633528709412
cjyzuio1qgh040763k56deohv.jpg,-1,0.7999936938285828
cjyzul1qggwwj07216mhiv5sy.jpg,-1,0.7802942395210266
cjyzurzvohqnr0794es1itzek.jpg,-1,0.9070211052894592
cjz14qsk2wci60794un9ozwmw.jpg,1,0.9223396182060242
ck2395w2mb4vu07480otsu6tw.jpg,-1,0.6928310394287109
ck2bxiswtxuw80838qkisqjwz.jpg,-1,0.8298982381820679
ck2bxknhjvs1x0794iogrq49k.jpg,-1,0.8587161302566528
ck2bxlujamu330725szlc2jdu.jpg,-1,0.7304301857948303
ck2bxpfgxu2mk0748gsh7xelu.jpg,-1,0.8622145652770996
ck2bxqz3evvg20794iiyv5v2m.jpg,-1,0.7771831750869751
ck2bxskgxxzfv08386xkqtqdy.jpg,-1,0.8738105297088623
ck2bxw18mmz1k0725litqq2mc.jpg,-1,0.8695663213729858
ck2da7fwcjfis07218r1rvm95.jpg,-1,0.698135256767273
